Rank,Date,Link,Title,Labels,subjectivity_label,subjectivity_text,entities,Is_Money
122,6/6/2008,https://www.dailymail.co.uk/news/article-1024541/Olympic-promise-free-swimming-lessons-2012.html,Olympic promise of free swimming lessons by 2012,Positive,objective,objective: Olympic promise of free swimming lessons by 2012,"[{""text"": ""Olympic"", ""type"": ""NORP"", ""start"": 0, ""end"": 7, ""cms"": null}, {""text"": ""2012"", ""type"": ""DATE"", ""start"": 44, ""end"": 48, ""cms"": null}]",O
57,18/07/2008,https://www.dailymail.co.uk/news/article-1036373/Abandoned-derelict-covered-graffiti-rubbish-What-left-Athens-9billion-Olympic-glory.html,"Abandoned, derelict, covered in graffiti and rubbish: What is left of Athens' £9billion Olympic 'glory'",Negative,objective,"objective: Abandoned, derelict, covered in graffiti and rubbish: What is left of Athens' £9billion Olympic 'glory'","[{""text"": ""Athens"", ""type"": ""GPE"", ""start"": 70, ""end"": 76, ""cms"": null}, {""text"": ""\u00a39billion Olympic 'glory"", ""type"": ""MONEY"", ""start"": 78, ""end"": 102, ""cms"": null}]",Money
108,24/08/2008,https://www.dailymail.co.uk/news/article-1048614/The-countdown-London-2012-begins-thousands-celebrate-handover-Olympic-flag-Britain.html,The countdown to London 2012 begins as thousands celebrate handover of Olympic flag to Britain,Positive,objective,objective: The countdown to London 2012 begins as thousands celebrate handover of Olympic flag to Britain,"[{""text"": ""London 2012"", ""type"": ""EVENT"", ""start"": 17, ""end"": 28, ""cms"": null}, {""text"": ""thousands"", ""type"": ""CARDINAL"", ""start"": 39, ""end"": 48, ""cms"": null}, {""text"": ""Britain"", ""type"": ""GPE"", ""start"": 87, ""end"": 94, ""cms"": null}]",O
86,26/08/2008,https://www.dailymail.co.uk/news/article-1049276/Boris-Johnson-promises-tens-millions-realise-2012-vision-British-Olympic-legacy-2012.html,Boris Johnson promises 'tens of millions' to realise 2012 vision of a British Olympic legacy in 2012,Positive,objective,objective: Boris Johnson promises 'tens of millions' to realise 2012 vision of a British Olympic legacy in 2012,"[{""text"": ""Boris Johnson"", ""type"": ""PERSON"", ""start"": 0, ""end"": 13, ""cms"": null}, {""text"": ""tens of millions"", ""type"": ""CARDINAL"", ""start"": 24, ""end"": 40, ""cms"": null}, {""text"": ""2012"", ""type"": ""DATE"", ""start"": 53, ""end"": 57, ""cms"": null}, {""text"": ""British"", ""type"": ""NORP"", ""start"": 70, ""end"": 77, ""cms"": null}, {""text"": ""2012"", ""type"": ""DATE"", ""start"": 96, ""end"": 100, ""cms"": null}]",O
143,5/9/2008,https://www.dailymail.co.uk/sport/football/article-1052688/Spurs-West-Ham-bid-new-homes-2012-venues-grabs.html,Spurs and West Ham bid for new homes as 2012 venues up for grabs,Positive,objective,objective: Spurs and West Ham bid for new homes as 2012 venues up for grabs,"[{""text"": ""Spurs"", ""type"": ""ORG"", ""start"": 0, ""end"": 5, ""cms"": null}, {""text"": ""West Ham"", ""type"": ""ORG"", ""start"": 10, ""end"": 18, ""cms"": null}, {""text"": ""2012"", ""type"": ""DATE"", ""start"": 40, ""end"": 44, ""cms"": null}]",O
238,16/10/2008,https://www.dailymail.co.uk/news/article-1078120/Ministers-vow-raise-bar-schoolchildren-hours-sport-week-2012-Olympics.html,Ministers vow to raise the bar so schoolchildren do five hours of sport a week before 2012 Olympics,Positive,objective,objective: Ministers vow to raise the bar so schoolchildren do five hours of sport a week before 2012 Olympics,"[{""text"": ""five hours"", ""type"": ""TIME"", ""start"": 52, ""end"": 62, ""cms"": null}, {""text"": ""2012"", ""type"": ""DATE"", ""start"": 86, ""end"": 90, ""cms"": null}, {""text"": ""Olympics"", ""type"": ""EVENT"", ""start"": 91, ""end"": 99, ""cms"": null}]",O
96,13/11/2008,https://www.dailymail.co.uk/news/article-1085444/20-000-migrant-workers-register-London-Olympics-jobs--despite-pledge-provide-work-local-people.html,"20,000 migrant workers register for London Olympics jobs - despite pledge to provide work for local people",Neutral,objective,"objective: 20,000 migrant workers register for London Olympics jobs - despite pledge to provide work for local people","[{""text"": ""20,000"", ""type"": ""CARDINAL"", ""start"": 0, ""end"": 6, ""cms"": null}, {""text"": ""London Olympics"", ""type"": ""EVENT"", ""start"": 36, ""end"": 51, ""cms"": null}]",O
175,3/12/2008,https://www.dailymail.co.uk/news/article-1091043/Another-9-3bn-drain-Ministers-knew-2012-Olympics-bring-little-benefit-Britain.html,Another £9.3bn down the drain? Ministers 'knew 2012 Olympics will bring little benefit to Britain',Negative,"subjective,objective","subjective: Another £9.3bn down the drain?,objective: Ministers 'knew 2012 Olympics will bring little benefit to Britain'","[{""text"": ""Another \u00a39.3bn down the"", ""type"": ""MONEY"", ""start"": 0, ""end"": 23, ""cms"": null}, {""text"": ""2012 Olympics"", ""type"": ""EVENT"", ""start"": 47, ""end"": 60, ""cms"": null}, {""text"": ""Britain"", ""type"": ""GPE"", ""start"": 90, ""end"": 97, ""cms"": null}]",Money
52,7/3/2009,https://www.dailymail.co.uk/news/article-1160179/Where-Olympic-legacy-Zara-Phillips-slams-decision-build-temporary-equestrian-event-centre-Greenwich.html,Where is the Olympic legacy?' Zara Phillips slams decision to build temporary equestrian event centre in Greenwich,Negative,objective,objective: Where is the Olympic legacy?' Zara Phillips slams decision to build temporary equestrian event centre in Greenwich,"[{""text"": ""Olympic"", ""type"": ""EVENT"", ""start"": 13, ""end"": 20, ""cms"": null}, {""text"": ""Zara Phillips"", ""type"": ""PERSON"", ""start"": 30, ""end"": 43, ""cms"": null}, {""text"": ""Greenwich"", ""type"": ""LOC"", ""start"": 105, ""end"": 114, ""cms"": null}]",O
207,31/03/2009,https://www.dailymail.co.uk/news/article-1166118/Over-60s-16s-swim-free-council-pools-new-Olympic-drive.html,Over 60s and under 16s to swim for free at council pools in new Olympic drive,Positive,objective,objective: Over 60s and under 16s to swim for free at council pools in new Olympic drive,"[{""text"": ""under 16s"", ""type"": ""DATE"", ""start"": 13, ""end"": 22, ""cms"": null}]",O
110,25/06/2009,https://www.dailymail.co.uk/news/article-1195350/Olympic-chiefs-suspended-100m-blunder.html,Olympic chiefs suspended over £100m blunder,Negative,objective,objective: Olympic chiefs suspended over £100m blunder,"[{""text"": ""Olympic"", ""type"": ""ORG"", ""start"": 0, ""end"": 7, ""cms"": null}, {""text"": ""100"", ""type"": ""MONEY"", ""start"": 31, ""end"": 34, ""cms"": null}, {""text"": ""m"", ""type"": ""MONEY"", ""start"": 34, ""end"": 35, ""cms"": null}]",Money
160,10/7/2009,https://www.dailymail.co.uk/debate/article-1198722/MARTIN-SAMUEL-On-marks-2012-mowing-race.html,MARTIN SAMUEL: On your marks for the 2012 mowing race,Neutral,subjective,subjective: MARTIN SAMUEL: On your marks for the 2012 mowing race,"[{""text"": ""MARTIN SAMUEL"", ""type"": ""PERSON"", ""start"": 0, ""end"": 13, ""cms"": null}, {""text"": ""2012"", ""type"": ""DATE"", ""start"": 37, ""end"": 41, ""cms"": null}]",O
161,8/11/2009,https://www.dailymail.co.uk/sport/article-1226020/PATRICK-COLLINS-Elizabeth-Park-I-m-sorry-short-national-disgrace.html,"PATRICK COLLINS: Elizabeth Park? I¿m sorry, this is nothing short of a national disgrace",Negative,"subjective,objective","subjective: I¿m sorry, this is nothing short of a national disgrace,objective: PATRICK COLLINS: Elizabeth Park?","[{""text"": ""PATRICK COLLINS:"", ""type"": ""PERSON"", ""start"": 0, ""end"": 16, ""cms"": null}, {""text"": ""Elizabeth Park"", ""type"": ""PERSON"", ""start"": 17, ""end"": 31, ""cms"": null}]",O
220,22/02/2010,https://www.dailymail.co.uk/sport/article-1252770/Martin-Samuel-Tessa-Jowell-deserves-Olympic-medal-utter-madness.html,Martin Samuel: Tessa Jowell deserves an Olympic medal in utter madness,Negative,objective,objective: Martin Samuel: Tessa Jowell deserves an Olympic medal in utter madness,"[{""text"": ""Martin Samuel"", ""type"": ""PERSON"", ""start"": 0, ""end"": 13, ""cms"": null}, {""text"": ""Tessa Jowell"", ""type"": ""PERSON"", ""start"": 15, ""end"": 27, ""cms"": null}]",O
169,2/4/2010,https://www.dailymail.co.uk/sport/article-1263064/THAT-WAS-THE-SPORTING-WEEK-He-laughs--A-look-stories-duped-public-April-Fools-Day.html,THAT WAS THE SPORTING WEEK: He who laughs last... A look at the stories that duped the public on April Fool's Day,Neutral,subjective,subjective: THAT WAS THE SPORTING WEEK: He who laughs last. A look at the stories that duped the public on April Fool's Day,"[{""text"": ""THE SPORTING WEEK"", ""type"": ""DATE"", ""start"": 9, ""end"": 26, ""cms"": null}, {""text"": ""April Fool's Day"", ""type"": ""DATE"", ""start"": 97, ""end"": 113, ""cms"": null}]",O
115,11/10/2010,https://www.dailymail.co.uk/sport/football/article-1319537/West-Ham-boosted-Olympic-Stadium-battle-Tottenham-UK-Athletics-bid.html,West Ham boosted in Olympic Stadium battle with Tottenham as UK Athletics back bid,Positive,objective,objective: West Ham boosted in Olympic Stadium battle with Tottenham as UK Athletics back bid,"[{""text"": ""West Ham"", ""type"": ""ORG"", ""start"": 0, ""end"": 8, ""cms"": null}, {""text"": ""Olympic Stadium"", ""type"": ""FAC"", ""start"": 20, ""end"": 35, ""cms"": null}, {""text"": ""Tottenham"", ""type"": ""ORG"", ""start"": 48, ""end"": 57, ""cms"": null}, {""text"": ""UK Athletics"", ""type"": ""ORG"", ""start"": 61, ""end"": 73, ""cms"": null}]",O
123,11/1/2011,https://www.dailymail.co.uk/sport/football/article-1346217/Moving-Tottenham-east-London-rip-heart-soul-clubs-community.html,Moving Tottenham to east London would rip 'the heart and soul' out of the club's community,Negative,objective,objective: Moving Tottenham to east London would rip 'the heart and soul' out of the club's community,"[{""text"": ""Tottenham"", ""type"": ""GPE"", ""start"": 7, ""end"": 16, ""cms"": null}, {""text"": ""London"", ""type"": ""GPE"", ""start"": 25, ""end"": 31, ""cms"": null}]",O
56,15/01/2011,https://www.dailymail.co.uk/sport/article-1347366/Des-Kelly-Spurs-vandals-musnt-wreck-Olympic-legacy.html,Des Kelly: Spurs vandals musn't wreck Olympic legacy,Negative,objective,objective: Des Kelly: Spurs vandals musn't wreck Olympic legacy,"[{""text"": ""Des Kelly"", ""type"": ""PERSON"", ""start"": 0, ""end"": 9, ""cms"": null}, {""text"": ""Spurs"", ""type"": ""ORG"", ""start"": 11, ""end"": 16, ""cms"": null}, {""text"": ""Olympic"", ""type"": ""EVENT"", ""start"": 38, ""end"": 45, ""cms"": null}]",O
112,16/01/2011,https://www.dailymail.co.uk/sport/football/article-1347541/Tottenham-West-Ham-fight-2012-venue--Olympic-stadium-end-foreign-hands.html,Tottenham and West Ham fight for the 2012 venue... will the Olympic stadium end up in foreign hands?,Negative,objective,objective: Tottenham and West Ham fight for the 2012 venue. will the Olympic stadium end up in foreign hands?,"[{""text"": ""Tottenham"", ""type"": ""ORG"", ""start"": 0, ""end"": 9, ""cms"": null}, {""text"": ""West Ham"", ""type"": ""ORG"", ""start"": 14, ""end"": 22, ""cms"": null}, {""text"": ""2012"", ""type"": ""DATE"", ""start"": 37, ""end"": 41, ""cms"": null}]",O
82,16/01/2011,https://www.dailymail.co.uk/sport/football/article-1347662/Spurs-fans-protest-Olympic-Stadium-advisor-voices-white-elephant-fears.html,Spurs fans protest over Olympic Stadium move but advisor voices 'white elephant' fears,Negative,objective,objective: Spurs fans protest over Olympic Stadium move but advisor voices 'white elephant' fears,"[{""text"": ""Spurs"", ""type"": ""ORG"", ""start"": 0, ""end"": 5, ""cms"": null}, {""text"": ""Olympic Stadium"", ""type"": ""FAC"", ""start"": 24, ""end"": 39, ""cms"": null}]",O
84,21/01/2011,https://www.dailymail.co.uk/sport/football/article-1349163/West-Hams-plans-Olympic-Stadium-turn-graveyard-says-Harry-Redknapp.html,West Ham's plans for Olympic Stadium would turn it into graveyard says Harry Redknapp,Negative,objective,objective: West Ham's plans for Olympic Stadium would turn it into graveyard says Harry Redknapp,"[{""text"": ""West Ham's"", ""type"": ""ORG"", ""start"": 0, ""end"": 10, ""cms"": null}, {""text"": ""Olympic Stadium"", ""type"": ""FAC"", ""start"": 21, ""end"": 36, ""cms"": null}, {""text"": ""Harry Redknapp"", ""type"": ""PERSON"", ""start"": 71, ""end"": 85, ""cms"": null}]",O
141,21/01/2011,https://www.dailymail.co.uk/sport/olympics/article-1349289/Tessa-Sanderson-warns-Olympic-Stadium-chiefs-Ill-legal-action-unless-let-vote-West-Ham-Spurs.html,Tessa Sanderson warns Olympic Stadium chiefs: I'll take legal action unless you let me vote for West Ham or Spurs,Negative,objective,objective: Tessa Sanderson warns Olympic Stadium chiefs: I'll take legal action unless you let me vote for West Ham or Spurs,"[{""text"": ""Tessa Sanderson"", ""type"": ""PERSON"", ""start"": 0, ""end"": 15, ""cms"": null}, {""text"": ""Olympic Stadium"", ""type"": ""FAC"", ""start"": 22, ""end"": 37, ""cms"": null}, {""text"": ""West Ham"", ""type"": ""ORG"", ""start"": 96, ""end"": 104, ""cms"": null}, {""text"": ""Spurs"", ""type"": ""ORG"", ""start"": 108, ""end"": 113, ""cms"": null}]",O
50,22/01/2011,https://www.dailymail.co.uk/sport/article-1349472/Charles-Sale-2012-Olympic-Stadium-legacy-expert-left-years-ago.html,Charles Sale: 2012 Olympic Stadium legacy expert left two years ago,Neutral,objective,objective: Charles Sale: 2012 Olympic Stadium legacy expert left two years ago,"[{""text"": ""Charles Sale"", ""type"": ""PERSON"", ""start"": 0, ""end"": 12, ""cms"": null}, {""text"": ""2012"", ""type"": ""DATE"", ""start"": 14, ""end"": 18, ""cms"": null}, {""text"": ""Olympic Stadium"", ""type"": ""FAC"", ""start"": 19, ""end"": 34, ""cms"": null}, {""text"": ""two years ago"", ""type"": ""DATE"", ""start"": 54, ""end"": 67, ""cms"": null}]",O
39,5/2/2011,https://www.dailymail.co.uk/sport/olympics/article-1354071/Tottenhams-hopes-securing-Londons-Olympic-Stadium-2012-rise-research-exposes-legacy-myth.html,Tottenham's hopes of securing London's Olympic Stadium in 2012 rise as research exposes legacy myth,Negative,objective,objective: Tottenham's hopes of securing London's Olympic Stadium in 2012 rise as research exposes legacy myth,"[{""text"": ""Tottenham"", ""type"": ""GPE"", ""start"": 0, ""end"": 9, ""cms"": null}, {""text"": ""London"", ""type"": ""GPE"", ""start"": 30, ""end"": 36, ""cms"": null}, {""text"": ""Olympic Stadium"", ""type"": ""FAC"", ""start"": 39, ""end"": 54, ""cms"": null}, {""text"": ""2012"", ""type"": ""DATE"", ""start"": 58, ""end"": 62, ""cms"": null}]",O
51,7/2/2011,https://www.dailymail.co.uk/sport/olympics/article-1354518/West-Ham-chief-Karren-Brady-blasts-Spurs-It-corporate-crime-knock-Olympic-stadium.html,West Ham chief Karren Brady blasts Spurs: It would be a 'corporate crime' to knock down Olympic stadium,Negative,objective,objective: West Ham chief Karren Brady blasts Spurs: It would be a 'corporate crime' to knock down Olympic stadium,"[{""text"": ""West Ham"", ""type"": ""ORG"", ""start"": 0, ""end"": 8, ""cms"": null}, {""text"": ""Karren Brady"", ""type"": ""PERSON"", ""start"": 15, ""end"": 27, ""cms"": null}, {""text"": ""Spurs"", ""type"": ""ORG"", ""start"": 35, ""end"": 40, ""cms"": null}]",O
66,7/2/2011,https://www.dailymail.co.uk/sport/football/article-1354645/Karren-Brady-scaremongering-Tottenham-chairman-Daniel-Levy-hits-Olympic-Stadium-crime-slur.html,"Karren Brady is scaremongering, Tottenham chairman Daniel Levy hits back over Olympic Stadium 'crime' slur",Negative,objective,"objective: Karren Brady is scaremongering, Tottenham chairman Daniel Levy hits back over Olympic Stadium 'crime' slur","[{""text"": ""Karren Brady"", ""type"": ""PERSON"", ""start"": 0, ""end"": 12, ""cms"": null}, {""text"": ""Tottenham"", ""type"": ""ORG"", ""start"": 32, ""end"": 41, ""cms"": null}, {""text"": ""Daniel Levy"", ""type"": ""PERSON"", ""start"": 51, ""end"": 62, ""cms"": null}, {""text"": ""Olympic Stadium"", ""type"": ""FAC"", ""start"": 78, ""end"": 93, ""cms"": null}]",O
145,8/2/2011,https://www.dailymail.co.uk/sport/olympics/article-1354790/Spurs-win-Olympic-Stadium-bid-says-key-London-2012-figure-Mike-Lee.html,"Spurs must win Olympic Stadium bid, says key London 2012 figure Mike Lee",Positive,objective,"objective: Spurs must win Olympic Stadium bid, says key London 2012 figure Mike Lee","[{""text"": ""Spurs"", ""type"": ""ORG"", ""start"": 0, ""end"": 5, ""cms"": null}, {""text"": ""Olympic Stadium"", ""type"": ""FAC"", ""start"": 15, ""end"": 30, ""cms"": null}, {""text"": ""London 2012"", ""type"": ""EVENT"", ""start"": 45, ""end"": 56, ""cms"": null}, {""text"": ""Mike Lee"", ""type"": ""PERSON"", ""start"": 64, ""end"": 72, ""cms"": null}]",O
130,9/2/2011,https://www.dailymail.co.uk/sport/football/article-1355232/David-Sullivan-slams-Spurs-Olympic-Stadium-battle.html,David Sullivan slams Spurs in Olympic Stadium battle,Neutral,objective,objective: David Sullivan slams Spurs in Olympic Stadium battle,"[{""text"": ""David Sullivan"", ""type"": ""PERSON"", ""start"": 0, ""end"": 14, ""cms"": null}, {""text"": ""Spurs"", ""type"": ""ORG"", ""start"": 21, ""end"": 26, ""cms"": null}, {""text"": ""Olympic Stadium"", ""type"": ""FAC"", ""start"": 30, ""end"": 45, ""cms"": null}]",O
6,12/2/2011,https://www.dailymail.co.uk/sport/football/article-1356435/Will-London-Olympic-2012-legacy-development-Starford-just-load-white-elephants.html,Will London have an Olympic 2012 legacy or is the development at Starford just another load of white elephants?,Neutral,objective,objective: Will London have an Olympic 2012 legacy or is the development at Starford just another load of white elephants?,"[{""text"": ""London"", ""type"": ""GPE"", ""start"": 5, ""end"": 11, ""cms"": null}, {""text"": ""Olympic 2012"", ""type"": ""EVENT"", ""start"": 20, ""end"": 32, ""cms"": null}, {""text"": ""Starford"", ""type"": ""GPE"", ""start"": 65, ""end"": 73, ""cms"": null}]",O
233,12/2/2011,https://www.dailymail.co.uk/sport/football/article-1356406/Kenny-Dalglish-Can-Jack-Wilshere-make-mark-real-giants-football.html,Kenny Dalglish: Can Jack Wilshere make his mark against the real giants of football?,Neutral,objective,objective: Kenny Dalglish: Can Jack Wilshere make his mark against the real giants of football?,"[{""text"": ""Kenny Dalglish"", ""type"": ""PERSON"", ""start"": 0, ""end"": 14, ""cms"": null}, {""text"": ""Jack Wilshere"", ""type"": ""PERSON"", ""start"": 20, ""end"": 33, ""cms"": null}]",O
119,12/2/2011,https://www.dailymail.co.uk/sport/football/article-1356428/West-Ham-face-Olympic-Stadium-fight-moving-Orients-patch.html,West Ham to face Olympic Stadium fight over moving into Orient's patch,Negative,objective,objective: West Ham to face Olympic Stadium fight over moving into Orient's patch,"[{""text"": ""West Ham"", ""type"": ""ORG"", ""start"": 0, ""end"": 8, ""cms"": null}, {""text"": ""Olympic Stadium"", ""type"": ""FAC"", ""start"": 17, ""end"": 32, ""cms"": null}, {""text"": ""Orient"", ""type"": ""ORG"", ""start"": 56, ""end"": 62, ""cms"": null}]",O
41,5/7/2011,https://www.dailymail.co.uk/sport/olympics/article-2011499/London-2012-Olympics-OPLC-launch-internal-probe-West-Ham-link.html,London 2012 Olympics: OPLC launch internal probe after West Ham link,Neutral,objective,objective: London 2012 Olympics: OPLC launch internal probe after West Ham link,"[{""text"": ""London 2012 Olympics"", ""type"": ""EVENT"", ""start"": 0, ""end"": 20, ""cms"": null}, {""text"": ""OPLC"", ""type"": ""ORG"", ""start"": 22, ""end"": 26, ""cms"": null}, {""text"": ""West Ham"", ""type"": ""GPE"", ""start"": 55, ""end"": 63, ""cms"": null}]",O
177,25/07/2011,https://www.dailymail.co.uk/debate/article-2018416/Cultural-Olympiad-2011-An-orgy-politically-correct-expensive-nonsense.html,Cultural Olympiad 2011: An orgy of politically correct and expensive nonsense,Negative,subjective,subjective: Cultural Olympiad 2011: An orgy of politically correct and expensive nonsense,"[{""text"": ""Cultural Olympiad"", ""type"": ""EVENT"", ""start"": 0, ""end"": 17, ""cms"": null}]",O
9,3/10/2011,https://www.dailymail.co.uk/news/article-2044555/London-2012-Foreign-Office-hands-Olympic-Legacy-cash-Bolivia.html,London 2012: Foreign Office hands 'Olympic Legacy' cash to Bolivia,Neutral,objective,objective: London 2012: Foreign Office hands 'Olympic Legacy' cash to Bolivia,"[{""text"": ""London"", ""type"": ""GPE"", ""start"": 0, ""end"": 6, ""cms"": null}, {""text"": ""Foreign Office"", ""type"": ""ORG"", ""start"": 13, ""end"": 27, ""cms"": null}, {""text"": ""Olympic Legacy"", ""type"": ""WORK_OF_ART"", ""start"": 35, ""end"": 49, ""cms"": null}, {""text"": ""Bolivia"", ""type"": ""GPE"", ""start"": 59, ""end"": 66, ""cms"": null}]",O
133,11/10/2011,https://www.dailymail.co.uk/sport/football/article-2048044/Taxpayers-0-West-Ham-1-Club-paying-20million.html,Taxpayers 0 West Ham 1: Club could still move without paying £20million,Neutral,subjective,subjective: Taxpayers 0 West Ham 1: Club could still move without paying £20million,"[{""text"": ""1"", ""type"": ""CARDINAL"", ""start"": 21, ""end"": 22, ""cms"": null}, {""text"": ""20million"", ""type"": ""MONEY"", ""start"": 62, ""end"": 71, ""cms"": null}]",Money
92,11/10/2011,https://www.dailymail.co.uk/sport/football/article-2047725/Spurs-force-West-Ham-Olympic-Stadium-deal-collapse.html,Spurs force West Ham Olympic Stadium deal collapse,Negative,objective,objective: Spurs force West Ham Olympic Stadium deal collapse,"[{""text"": ""West Ham Olympic Stadium"", ""type"": ""FAC"", ""start"": 12, ""end"": 36, ""cms"": null}]",O
79,11/10/2011,https://www.dailymail.co.uk/news/article-2047726/London-2012-Olympics-West-Ham-deal-stadium-collapses.html,London 2012 Olympics: West Ham deal to take over stadium collapses,Negative,objective,objective: London 2012 Olympics: West Ham deal to take over stadium collapses,"[{""text"": ""London 2012 Olympics"", ""type"": ""EVENT"", ""start"": 0, ""end"": 20, ""cms"": null}, {""text"": ""West Ham"", ""type"": ""ORG"", ""start"": 22, ""end"": 30, ""cms"": null}]",O
63,19/10/2011,https://www.dailymail.co.uk/sport/othersports/article-2050977/London-2012-Olympics-Sebastian-Coe-rejects-Olympic-Stadium-white-elephant-tag.html,London 2012 Olympics: Sebastian Coe rejects Olympic Stadium 'white elephant' tag,Negative,objective,objective: London 2012 Olympics: Sebastian Coe rejects Olympic Stadium 'white elephant' tag,"[{""text"": ""London 2012 Olympics"", ""type"": ""EVENT"", ""start"": 0, ""end"": 20, ""cms"": null}, {""text"": ""Sebastian Coe"", ""type"": ""PERSON"", ""start"": 22, ""end"": 35, ""cms"": null}, {""text"": ""Olympic Stadium"", ""type"": ""FAC"", ""start"": 44, ""end"": 59, ""cms"": null}]",O
192,19/10/2011,https://www.dailymail.co.uk/sport/article-2050639/Martin-Samuel-Dan-Wheldon--safety-sport-killer.html,"Martin Samuel: Dan Wheldon - safety first, or sport becomes a killer",Negative,objective,"objective: Martin Samuel: Dan Wheldon - safety first, or sport becomes a killer","[{""text"": ""Martin Samuel"", ""type"": ""PERSON"", ""start"": 0, ""end"": 13, ""cms"": null}, {""text"": ""Dan Wheldon"", ""type"": ""PERSON"", ""start"": 15, ""end"": 26, ""cms"": null}, {""text"": ""first"", ""type"": ""ORDINAL"", ""start"": 36, ""end"": 41, ""cms"": null}]",O
46,21/10/2011,https://www.dailymail.co.uk/news/article-2051906/Ikea-unveils-plans-26-acre-London-district-near-Olympic-Park.html,Ikea unveils plans for 26-acre London district near Olympic Park,Positive,objective,objective: Ikea unveils plans for 26-acre London district near Olympic Park,"[{""text"": ""Ikea"", ""type"": ""ORG"", ""start"": 0, ""end"": 4, ""cms"": null}, {""text"": ""26-acre"", ""type"": ""QUANTITY"", ""start"": 23, ""end"": 30, ""cms"": null}, {""text"": ""London"", ""type"": ""GPE"", ""start"": 31, ""end"": 37, ""cms"": null}, {""text"": ""Olympic Park"", ""type"": ""FAC"", ""start"": 52, ""end"": 64, ""cms"": null}]",O
54,6/11/2011,https://www.dailymail.co.uk/sport/othersports/article-2058189/London-win-2017-World-Championships-says-Ed-Warner.html,London can win 2017 World Championships says Ed Warner,Positive,objective,objective: London can win 2017 World Championships says Ed Warner,"[{""text"": ""London"", ""type"": ""GPE"", ""start"": 0, ""end"": 6, ""cms"": null}, {""text"": ""2017"", ""type"": ""DATE"", ""start"": 15, ""end"": 19, ""cms"": null}, {""text"": ""World Championships"", ""type"": ""EVENT"", ""start"": 20, ""end"": 39, ""cms"": null}, {""text"": ""Ed Warner"", ""type"": ""PERSON"", ""start"": 45, ""end"": 54, ""cms"": null}]",O
60,6/12/2011,https://www.dailymail.co.uk/debate/article-2070846/London-2012-Olympics-costs-unacceptable-teeter-edge-slump.html,London 2012 Olympics costs are unacceptable as we teeter on the edge of a slump,Negative,subjective,subjective: London 2012 Olympics costs are unacceptable as we teeter on the edge of a slump,"[{""text"": ""London 2012 Olympics"", ""type"": ""EVENT"", ""start"": 0, ""end"": 20, ""cms"": null}]",O
271,12/12/2011,https://www.dailymail.co.uk/sport/article-2072910/Manchester-United-make-sure-UEFA-right-Martin-Samuel.html,Manchester United will make sure UEFA see them right: Martin Samuel,Neutral,objective,objective: Manchester United will make sure UEFA see them right: Martin Samuel,"[{""text"": ""Manchester United"", ""type"": ""ORG"", ""start"": 0, ""end"": 17, ""cms"": null}, {""text"": ""UEFA"", ""type"": ""ORG"", ""start"": 33, ""end"": 37, ""cms"": null}, {""text"": ""Martin Samuel"", ""type"": ""PERSON"", ""start"": 54, ""end"": 67, ""cms"": null}]",O
17,9/1/2012,https://www.dailymail.co.uk/sport/olympics/article-2084150/London-2012-Olympics-Legacy-secure-says-David-Cameron.html,"London 2012 Olympics: Legacy is secure, says David Cameron",Positive,objective,"objective: London 2012 Olympics: Legacy is secure, says David Cameron","[{""text"": ""London 2012 Olympics"", ""type"": ""EVENT"", ""start"": 0, ""end"": 20, ""cms"": null}, {""text"": ""David Cameron"", ""type"": ""PERSON"", ""start"": 45, ""end"": 58, ""cms"": null}]",O
36,18/01/2012,https://www.dailymail.co.uk/sport/olympics/article-2088290/London-2012-Olympics-Fourth-man-arrested-stadium-spy-probe.html,London 2012 Olympics: Fourth man arrested in stadium spy probe,Negative,objective,objective: London 2012 Olympics: Fourth man arrested in stadium spy probe,"[{""text"": ""London 2012 Olympics"", ""type"": ""EVENT"", ""start"": 0, ""end"": 20, ""cms"": null}, {""text"": ""Fourth"", ""type"": ""ORDINAL"", ""start"": 22, ""end"": 28, ""cms"": null}]",O
78,9/3/2012,https://www.dailymail.co.uk/news/article-2112428/London-2012-Olympics-2bn-red-main-stadium-white-elephant.html,London 2012 Olympics may go £2bn into the red and main stadium could become a white elephant,Negative,objective,objective: London 2012 Olympics may go £2bn into the red and main stadium could become a white elephant,"[{""text"": ""London 2012"", ""type"": ""EVENT"", ""start"": 0, ""end"": 11, ""cms"": null}, {""text"": ""\u00a32bn into the"", ""type"": ""MONEY"", ""start"": 28, ""end"": 41, ""cms"": null}]",Money
72,9/3/2012,https://www.dailymail.co.uk/money/news/article-2112505/amp/Olympics-budget-Games-2bn-red.html,Olympics budget: Games could go £2bn into the red,Negative,subjective,subjective: Olympics budget: Games could go £2bn into the red,"[{""text"": ""Olympics"", ""type"": ""EVENT"", ""start"": 0, ""end"": 8, ""cms"": null}, {""text"": ""\u00a32bn into the"", ""type"": ""MONEY"", ""start"": 32, ""end"": 45, ""cms"": null}]",Money
47,9/3/2012,https://www.dailymail.co.uk/news/article-2112489/London-2012-Olympics-runs-2bn-budget-security-costs-double.html,London 2012 Olympics runs £2bn over budget as security costs double,Negative,objective,objective: London 2012 Olympics runs £2bn over budget as security costs double,"[{""text"": ""London 2012"", ""type"": ""EVENT"", ""start"": 0, ""end"": 11, ""cms"": null}, {""text"": ""\u00a32bn over budget"", ""type"": ""MONEY"", ""start"": 26, ""end"": 42, ""cms"": null}]",Money
21,21/03/2012,http://www.dailymail.co.uk/sport/othersports/article-2118130/Olympic-legacy-boost-London-host-2015-EuroHockey-Championships.html,Olympic legacy boost as London to host 2015 EuroHockey Championships,Positive,objective,objective: Olympic legacy boost as London to host 2015 EuroHockey Championships,"[{""text"": ""Olympic"", ""type"": ""NORP"", ""start"": 0, ""end"": 7, ""cms"": null}, {""text"": ""London"", ""type"": ""GPE"", ""start"": 24, ""end"": 30, ""cms"": null}, {""text"": ""2015"", ""type"": ""DATE"", ""start"": 39, ""end"": 43, ""cms"": null}, {""text"": ""EuroHockey Championships"", ""type"": ""EVENT"", ""start"": 44, ""end"": 68, ""cms"": null}]",O
135,27/03/2012,https://www.dailymail.co.uk/sport/olympics/article-2121242/LONDON-2012-We-need-China-crisis-warns-Pete-Waterfield.html,"LONDON 2012: We need a China crisis, warns Pete Waterfield",Negative,objective,"objective: LONDON 2012: We need a China crisis, warns Pete Waterfield","[{""text"": ""LONDON"", ""type"": ""GPE"", ""start"": 0, ""end"": 6, ""cms"": null}, {""text"": ""2012"", ""type"": ""DATE"", ""start"": 7, ""end"": 11, ""cms"": null}, {""text"": ""China"", ""type"": ""GPE"", ""start"": 23, ""end"": 28, ""cms"": null}, {""text"": ""Pete Waterfield"", ""type"": ""PERSON"", ""start"": 43, ""end"": 58, ""cms"": null}]",O
138,10/4/2012,https://www.dailymail.co.uk/news/article-2127798/Olympic-torch-Ikea-lights-way-40m-high-tower-26-acre-suburb-near-Londons-2012-park.html,Olympic torch: Ikea lights the way with 40m high tower in 26-acre suburb near London's 2012 park,Positive,objective,objective: Olympic torch: Ikea lights the way with 40m high tower in 26-acre suburb near London's 2012 park,"[{""text"": ""Olympic"", ""type"": ""EVENT"", ""start"": 0, ""end"": 7, ""cms"": null}, {""text"": ""Ikea"", ""type"": ""ORG"", ""start"": 15, ""end"": 19, ""cms"": null}, {""text"": ""40m"", ""type"": ""QUANTITY"", ""start"": 40, ""end"": 43, ""cms"": null}, {""text"": ""26-acre"", ""type"": ""QUANTITY"", ""start"": 58, ""end"": 65, ""cms"": null}, {""text"": ""London"", ""type"": ""GPE"", ""start"": 78, ""end"": 84, ""cms"": null}, {""text"": ""2012"", ""type"": ""DATE"", ""start"": 87, ""end"": 91, ""cms"": null}]",O
58,14/06/2012,https://www.dailymail.co.uk/sport/olympics/article-2159216/London-2012-Olympics-Tim-Brabants-leads-Team-GB-canoe-sprint-squad.html,London 2012 Olympics: Tim Brabants leads Team GB canoe sprint squad,Positive,objective,objective: London 2012 Olympics: Tim Brabants leads Team GB canoe sprint squad,"[{""text"": ""London 2012 Olympics"", ""type"": ""EVENT"", ""start"": 0, ""end"": 20, ""cms"": null}, {""text"": ""Tim Brabants"", ""type"": ""PERSON"", ""start"": 22, ""end"": 34, ""cms"": null}, {""text"": ""Team GB"", ""type"": ""ORG"", ""start"": 41, ""end"": 48, ""cms"": null}]",O
193,9/7/2012,https://www.dailymail.co.uk/money/news/article-2170878/amp/Beet-It-beetroot-juice-shots-James-White-drinks-Olympic-boost.html,Beet-It beetroot juice shots give James White drinks an Olympic boost,Positive,subjective,subjective: Beet-It beetroot juice shots give James White drinks an Olympic boost,"[{""text"": ""James White"", ""type"": ""PERSON"", ""start"": 34, ""end"": 45, ""cms"": null}]",O
247,30/07/2012,https://www.dailymail.co.uk/sport/olympics/article-2180821/Team-GB-fans-need-make-songs--Laura-Williamson.html,Team GB fans need to make some songs - Laura Williamson,Neutral,objective,objective: Team GB fans need to make some songs - Laura Williamson,"[{""text"": ""Team GB"", ""type"": ""ORG"", ""start"": 0, ""end"": 7, ""cms"": null}, {""text"": ""Laura Williamson"", ""type"": ""PERSON"", ""start"": 39, ""end"": 55, ""cms"": null}]",O
102,5/8/2012,https://www.dailymail.co.uk/debate/article-2183898/London-2012s-Olympic-flame-burns-bright-riot-smoke-hangs-Britain.html,London 2012's Olympic flame burns bright but it's riot smoke that still hangs over Britain,Negative,objective,objective: London 2012's Olympic flame burns bright but it's riot smoke that still hangs over Britain,"[{""text"": ""London 2012"", ""type"": ""EVENT"", ""start"": 0, ""end"": 11, ""cms"": null}, {""text"": ""Britain"", ""type"": ""GPE"", ""start"": 83, ""end"": 90, ""cms"": null}]",O
19,10/8/2012,https://www.dailymail.co.uk/sport/olympics/article-2186708/London-2012-Olympics-Legacy-hands--Des-Kelly.html,London 2012 Olympics: Legacy is in our hands - Des Kelly,Neutral,objective,objective: London 2012 Olympics: Legacy is in our hands - Des Kelly,"[{""text"": ""London 2012 Olympics"", ""type"": ""EVENT"", ""start"": 0, ""end"": 20, ""cms"": null}, {""text"": ""Des Kelly"", ""type"": ""PERSON"", ""start"": 47, ""end"": 56, ""cms"": null}]",O
74,11/8/2012,https://www.dailymail.co.uk/news/article-2187032/Lord-Coe-Our-children-fit-warns-Olympic-champion.html,Lord Coe: Our children will be less fit than we are warns former Olympic champion,Negative,objective,objective: Lord Coe: Our children will be less fit than we are warns former Olympic champion,"[{""text"": ""Coe"", ""type"": ""PERSON"", ""start"": 5, ""end"": 8, ""cms"": null}, {""text"": ""Olympic"", ""type"": ""EVENT"", ""start"": 65, ""end"": 72, ""cms"": null}]",O
171,12/8/2012,https://www.dailymail.co.uk/debate/article-2187469/Mo-Farahs-joyful-embrace-Britishness-Games-mark-truly-historic-watershed.html,Mo Farah's joyful embrace of Britishness and why these Games mark a truly historic watershed,Positive,subjective,subjective: Mo Farah's joyful embrace of Britishness and why these Games mark a truly historic watershed,"[{""text"": ""Mo Farah's"", ""type"": ""PERSON"", ""start"": 0, ""end"": 10, ""cms"": null}, {""text"": ""Britishness"", ""type"": ""NORP"", ""start"": 29, ""end"": 40, ""cms"": null}, {""text"": ""Games"", ""type"": ""EVENT"", ""start"": 55, ""end"": 60, ""cms"": null}]",O
27,12/8/2012,https://www.dailymail.co.uk/news/article-2187373/London-2012-closing-ceremony-How-capital-took-Olympics-heart.html,London 2012 closing ceremony: How capital took Olympics to its heart,Positive,objective,objective: London 2012 closing ceremony: How capital took Olympics to its heart,"[{""text"": ""London 2012"", ""type"": ""EVENT"", ""start"": 0, ""end"": 11, ""cms"": null}, {""text"": ""Olympics"", ""type"": ""EVENT"", ""start"": 47, ""end"": 55, ""cms"": null}]",O
70,12/8/2012,https://www.dailymail.co.uk/sport/olympics/article-2187408/London-2012-Olympics-The-best-pictures.html,London 2012 Olympics: The best pictures,Positive,objective,objective: London 2012 Olympics: The best pictures,"[{""text"": ""London 2012 Olympics"", ""type"": ""EVENT"", ""start"": 0, ""end"": 20, ""cms"": null}]",O
71,12/8/2012,https://www.dailymail.co.uk/news/article-2187196/London-2012-Olympics-Sir-Mervyn-King-warns-Olympics-surge-wont-alter-economic-outlook.html,London 2012 Olympics: Sir Mervyn King warns Olympics surge won't alter the economic outlook,Negative,objective,objective: London 2012 Olympics: Sir Mervyn King warns Olympics surge won't alter the economic outlook,"[{""text"": ""London 2012 Olympics"", ""type"": ""EVENT"", ""start"": 0, ""end"": 20, ""cms"": null}, {""text"": ""Mervyn King"", ""type"": ""PERSON"", ""start"": 26, ""end"": 37, ""cms"": null}, {""text"": ""Olympics"", ""type"": ""EVENT"", ""start"": 44, ""end"": 52, ""cms"": null}]",O
32,13/08/2012,https://www.dailymail.co.uk/debate/article-2187654/Here-immediate-Olympic-legacy-announce-today.html,Here is an immediate Olympic legacy to announce today,Positive,objective,objective: Here is an immediate Olympic legacy to announce today,"[{""text"": ""Olympic"", ""type"": ""EVENT"", ""start"": 21, ""end"": 28, ""cms"": null}, {""text"": ""today"", ""type"": ""DATE"", ""start"": 48, ""end"": 53, ""cms"": null}]",O
61,13/08/2012,https://blaneyblog.dailymail.co.uk/2012/08/here-is-an-immediate-olympic-legacy-to-announce-today.html,Here is an immediate Olympic legacy to announce today,Positive,objective,objective: Here is an immediate Olympic legacy to announce today,"[{""text"": ""Olympic"", ""type"": ""EVENT"", ""start"": 21, ""end"": 28, ""cms"": null}, {""text"": ""today"", ""type"": ""DATE"", ""start"": 48, ""end"": 53, ""cms"": null}]",O
16,13/08/2012,https://www.dailymail.co.uk/debate/article-2187727/Olympics-2012-What-away-London-Games-.html,Olympics 2012: What we can take away from the London Games...,Neutral,objective,objective: Olympics 2012: What we can take away from the London Games.,"[{""text"": ""Olympics 2012"", ""type"": ""EVENT"", ""start"": 0, ""end"": 13, ""cms"": null}, {""text"": ""the London Games"", ""type"": ""EVENT"", ""start"": 42, ""end"": 58, ""cms"": null}]",O
157,15/08/2012,https://www.dailymail.co.uk/news/article-2188554/School-playing-fields-danger-ministers-relax-rules-eve-Olympics.html,School playing fields 'in danger' as ministers relax rules on eve of the Olympics,Negative,objective,objective: School playing fields 'in danger' as ministers relax rules on eve of the Olympics,"[{""text"": ""Olympics"", ""type"": ""EVENT"", ""start"": 73, ""end"": 81, ""cms"": null}]",O
275,16/08/2012,https://www.dailymail.co.uk/news/article-2189001/Backlash-grows-plans-cut-school-playing-fields-introduced-days-Olympics.html,Backlash grows over plans to cut back on school playing fields introduced days before Olympics,Negative,objective,objective: Backlash grows over plans to cut back on school playing fields introduced days before Olympics,"[{""text"": ""days"", ""type"": ""DATE"", ""start"": 74, ""end"": 78, ""cms"": null}, {""text"": ""Olympics"", ""type"": ""EVENT"", ""start"": 86, ""end"": 94, ""cms"": null}]",O
280,17/08/2012,https://www.dailymail.co.uk/debate/article-2190025/A-nation-62m-trolls-Don-t-twit-Jezza.html,"A nation of 62m trolls? Don¿t be a twit, Jezza",Neutral,"subjective,objective","subjective: Don¿t be a twit, Jezza,objective: A nation of 62m trolls?","[{""text"": ""62"", ""type"": ""CARDINAL"", ""start"": 12, ""end"": 14, ""cms"": null}, {""text"": ""Jezza"", ""type"": ""PERSON"", ""start"": 41, ""end"": 46, ""cms"": null}]",O
191,18/08/2012,https://www.dailymail.co.uk/sport/article-2190342/Football-needs-humanity-like-Olympics--Gary-Neville.html,Football needs to show its humanity like in the Olympics - Gary Neville,Neutral,objective,objective: Football needs to show its humanity like in the Olympics - Gary Neville,"[{""text"": ""Olympics"", ""type"": ""EVENT"", ""start"": 48, ""end"": 56, ""cms"": null}, {""text"": ""Gary Neville"", ""type"": ""PERSON"", ""start"": 59, ""end"": 71, ""cms"": null}]",O
246,20/08/2012,https://www.dailymail.co.uk/news/article-2190765/Tory-councils-sell-playing-fields-Labour.html,Tory councils sell more playing fields than Labour,Negative,objective,objective: Tory councils sell more playing fields than Labour,"[{""text"": ""Tory"", ""type"": ""NORP"", ""start"": 0, ""end"": 4, ""cms"": null}, {""text"": ""Labour"", ""type"": ""NORP"", ""start"": 44, ""end"": 50, ""cms"": null}]",O
23,21/08/2012,https://www.dailymail.co.uk/news/article-2191461/So-Olympic-legacy-School-gym-children-collapse-heat-exhaustion-air-fitted-Games-removed-athletes-leave.html,So much for the Olympic legacy! School gym where children collapse from heat exhaustion has air-con fitted for Games removed once athletes leave,Negative,objective,objective: So much for the Olympic legacy! School gym where children collapse from heat exhaustion has air-con fitted for Games removed once athletes leave,"[{""text"": ""Olympic"", ""type"": ""EVENT"", ""start"": 16, ""end"": 23, ""cms"": null}, {""text"": ""Games"", ""type"": ""EVENT"", ""start"": 111, ""end"": 116, ""cms"": null}]",O
149,10/9/2012,https://www.dailymail.co.uk/sport/rugbyunion/article-2201306/Rugby-chiefs-want-use-Olympic-Stadium-2015-World-Cup.html,Rugby chiefs want to use Olympic Stadium in 2015 World Cup,Positive,objective,objective: Rugby chiefs want to use Olympic Stadium in 2015 World Cup,"[{""text"": ""Olympic Stadium"", ""type"": ""FAC"", ""start"": 25, ""end"": 40, ""cms"": null}, {""text"": ""2015"", ""type"": ""DATE"", ""start"": 44, ""end"": 48, ""cms"": null}, {""text"": ""World Cup"", ""type"": ""EVENT"", ""start"": 49, ""end"": 58, ""cms"": null}]",O
81,10/9/2012,https://www.dailymail.co.uk/news/article-2200946/London-pushed-Paralympics-new-height-What-world-2012-Games.html,London has pushed the Paralympics to a new height': What the world made of 2012 Games,Positive,objective,objective: London has pushed the Paralympics to a new height': What the world made of 2012 Games,"[{""text"": ""London"", ""type"": ""GPE"", ""start"": 0, ""end"": 6, ""cms"": null}, {""text"": ""Paralympics"", ""type"": ""EVENT"", ""start"": 22, ""end"": 33, ""cms"": null}, {""text"": ""2012"", ""type"": ""DATE"", ""start"": 75, ""end"": 79, ""cms"": null}, {""text"": ""Games"", ""type"": ""EVENT"", ""start"": 80, ""end"": 85, ""cms"": null}]",O
206,16/09/2012,https://www.dailymail.co.uk/sport/othersports/article-2204011/Wilson-Kipsang-wins-Great-North-Run-Jo-Pavey-impresses.html,Wilson Kipsang wins Great North Run while Jo Pavey impresses,Positive,objective,objective: Wilson Kipsang wins Great North Run while Jo Pavey impresses,"[{""text"": ""Wilson Kipsang"", ""type"": ""PERSON"", ""start"": 0, ""end"": 14, ""cms"": null}, {""text"": ""Great North Run"", ""type"": ""EVENT"", ""start"": 20, ""end"": 35, ""cms"": null}, {""text"": ""Jo Pavey"", ""type"": ""PERSON"", ""start"": 42, ""end"": 50, ""cms"": null}]",O
176,16/09/2012,https://www.dailymail.co.uk/femail/article-2204253/JANET-STREET-PORTER-Sport-Young-women-dont-want-chip-false-nails.html,JANET STREET-PORTER: Sport? Young women don't want to chip their false nails,Negative,objective,objective: JANET STREET-PORTER: Sport? Young women don't want to chip their false nails,"[{""text"": ""JANET STREET-PORTER"", ""type"": ""PERSON"", ""start"": 0, ""end"": 19, ""cms"": null}]",O
99,13/10/2012,https://www.dailymail.co.uk/sport/football/article-2217399/EU-probe-football-aid-scupper-West-Hams-Olympic-Stadium-move.html,EU probe into football aid may scupper West Ham's Olympic Stadium move,Negative,objective,objective: EU probe into football aid may scupper West Ham's Olympic Stadium move,"[{""text"": ""EU"", ""type"": ""ORG"", ""start"": 0, ""end"": 2, ""cms"": null}, {""text"": ""West Ham's"", ""type"": ""ORG"", ""start"": 39, ""end"": 49, ""cms"": null}, {""text"": ""Olympic Stadium"", ""type"": ""FAC"", ""start"": 50, ""end"": 65, ""cms"": null}]",O
42,23/10/2012,https://www.dailymail.co.uk/sport/olympics/article-2221833/London-2012-Olympics-came-budget.html,London 2012 Olympics came under budget,Positive,objective,objective: London 2012 Olympics came under budget,"[{""text"": ""London 2012 Olympics"", ""type"": ""EVENT"", ""start"": 0, ""end"": 20, ""cms"": null}]",O
223,29/10/2012,https://www.dailymail.co.uk/news/article-2224975/Michael-Gove-dismisses-150-000-signed-petition-new-school-field-rules.html,"Michael Gove dismisses 150,000 who signed petition against new school field rules",Negative,objective,"objective: Michael Gove dismisses 150,000 who signed petition against new school field rules","[{""text"": ""Michael Gove"", ""type"": ""PERSON"", ""start"": 0, ""end"": 12, ""cms"": null}, {""text"": ""150,000"", ""type"": ""CARDINAL"", ""start"": 23, ""end"": 30, ""cms"": null}]",O
48,26/12/2012,https://www.dailymail.co.uk/news/article-2253377/So-Olympic-legacy-Fury-muddy-state-park-used-equestrian-events-closed-public-months-on.html,So much for this Olympic legacy: Fury at muddy state of park used for equestrian events that is still closed to public six months on,Negative,objective,objective: So much for this Olympic legacy: Fury at muddy state of park used for equestrian events that is still closed to public six months on,"[{""text"": ""Olympic"", ""type"": ""EVENT"", ""start"": 17, ""end"": 24, ""cms"": null}, {""text"": ""six months"", ""type"": ""DATE"", ""start"": 119, ""end"": 129, ""cms"": null}]",O
185,29/12/2012,https://www.dailymail.co.uk/news/article-2254424/New-Year-honours-list-127-Olympians-led-Bradley-Wiggins.html,New Year honours list: 127 Olympians led by Bradley Wiggins,Positive,objective,objective: New Year honours list: 127 Olympians led by Bradley Wiggins,"[{""text"": ""New Year"", ""type"": ""EVENT"", ""start"": 0, ""end"": 8, ""cms"": null}, {""text"": ""127"", ""type"": ""CARDINAL"", ""start"": 23, ""end"": 26, ""cms"": null}, {""text"": ""Bradley Wiggins"", ""type"": ""PERSON"", ""start"": 44, ""end"": 59, ""cms"": null}]",O
26,6/1/2013,https://www.dailymail.co.uk/sport/article-2258197/Laura-Williamson-Londons-legacy-So-far-smoke-glitter.html,Laura Williamson: London's legacy? So far its all smoke and glitter,Negative,"subjective,objective","subjective: So far its all smoke and glitter,objective: Laura Williamson: London's legacy?","[{""text"": ""Laura Williamson"", ""type"": ""PERSON"", ""start"": 0, ""end"": 16, ""cms"": null}, {""text"": ""London"", ""type"": ""GPE"", ""start"": 18, ""end"": 24, ""cms"": null}]",O
252,17/01/2013,https://www.dailymail.co.uk/news/article-2263779/Baroness-Susan-Campbell-Thousands-unable-jump-throw-ball-run-start-secondary-school.html,"Baroness Susan Campbell: Thousands unable to jump, throw a ball or run when they start secondary school",Negative,objective,"objective: Baroness Susan Campbell: Thousands unable to jump, throw a ball or run when they start secondary school","[{""text"": ""Susan Campbell"", ""type"": ""PERSON"", ""start"": 9, ""end"": 23, ""cms"": null}, {""text"": ""Thousands"", ""type"": ""CARDINAL"", ""start"": 25, ""end"": 34, ""cms"": null}]",O
35,7/2/2013,https://www.dailymail.co.uk/sport/othersports/article-2274849/Usain-Bolt-London-Grand-Prix-Olympic-Stadium.html,Usain Bolt London Grand Prix Olympic Stadium,Neutral,objective,objective: Usain Bolt London Grand Prix Olympic Stadium,"[{""text"": ""Usain Bolt"", ""type"": ""PERSON"", ""start"": 0, ""end"": 10, ""cms"": null}, {""text"": ""London"", ""type"": ""GPE"", ""start"": 11, ""end"": 17, ""cms"": null}, {""text"": ""Grand Prix Olympic Stadium"", ""type"": ""FAC"", ""start"": 18, ""end"": 44, ""cms"": null}]",O
125,27/02/2013,https://www.dailymail.co.uk/sport/othersports/article-2285441/Usain-Bolt-earn-200-000-Paris-Diamond-League.html,"Usain Bolt to earn £200,000 at Paris Diamond League",Positive,objective,"objective: Usain Bolt to earn £200,000 at Paris Diamond League","[{""text"": ""Usain Bolt"", ""type"": ""PERSON"", ""start"": 0, ""end"": 10, ""cms"": null}, {""text"": ""200,000"", ""type"": ""MONEY"", ""start"": 20, ""end"": 27, ""cms"": null}, {""text"": ""Paris Diamond League"", ""type"": ""EVENT"", ""start"": 31, ""end"": 51, ""cms"": null}]",Money
73,11/3/2013,https://www.dailymail.co.uk/sport/othersports/article-2291364/Lord-Sebastian-Coe-says-shutting-Don-Valley-Stadium-blow-London-2012-legacy.html,Lord Sebastian Coe says shutting Don Valley Stadium is not a blow to London 2012 legacy,Negative,objective,objective: Lord Sebastian Coe says shutting Don Valley Stadium is not a blow to London 2012 legacy,"[{""text"": ""Sebastian Coe"", ""type"": ""PERSON"", ""start"": 5, ""end"": 18, ""cms"": null}, {""text"": ""Don Valley Stadium"", ""type"": ""FAC"", ""start"": 33, ""end"": 51, ""cms"": null}, {""text"": ""London 2012"", ""type"": ""EVENT"", ""start"": 69, ""end"": 80, ""cms"": null}]",O
147,12/3/2013,https://www.dailymail.co.uk/sport/othersports/article-2292214/Don-Valley-Stadium-redevelopment-plans-announced.html,Don Valley Stadium redevelopment plans announced,Positive,objective,objective: Don Valley Stadium redevelopment plans announced,"[{""text"": ""Don Valley Stadium"", ""type"": ""FAC"", ""start"": 0, ""end"": 18, ""cms"": null}]",O
20,17/03/2013,https://www.dailymail.co.uk/sport/article-2294954/Laura-Williamson-column--David-Cameron-150m-grant-primary-school-sport-late-capitalise-London-2012-Olympic-legacy.html,Laura Williamson column - David Cameron £150m grant for primary school sport too late to capitalise on London 2012 Olympic legacy,Negative,objective,objective: Laura Williamson column - David Cameron £150m grant for primary school sport too late to capitalise on London 2012 Olympic legacy,"[{""text"": ""Laura Williamson"", ""type"": ""PERSON"", ""start"": 0, ""end"": 16, ""cms"": null}, {""text"": ""David Cameron"", ""type"": ""PERSON"", ""start"": 26, ""end"": 39, ""cms"": null}, {""text"": ""\u00a3150m"", ""type"": ""MONEY"", ""start"": 40, ""end"": 45, ""cms"": null}, {""text"": ""London 2012"", ""type"": ""EVENT"", ""start"": 103, ""end"": 114, ""cms"": null}]",Money
111,22/03/2013,https://www.dailymail.co.uk/sport/football/article-2297419/West-Ham-unveil-Olympic-Stadium-plans-signing-tenancy-deal.html,West Ham unveil Olympic Stadium plans after signing tenancy deal,Positive,objective,objective: West Ham unveil Olympic Stadium plans after signing tenancy deal,"[{""text"": ""West Ham"", ""type"": ""ORG"", ""start"": 0, ""end"": 8, ""cms"": null}, {""text"": ""Olympic Stadium"", ""type"": ""FAC"", ""start"": 16, ""end"": 31, ""cms"": null}]",O
219,22/03/2013,https://www.dailymail.co.uk/sport/football/article-2297795/West-Ham-Olympic-Stadium-wheres-share-Des-Kelly.html,West Ham Olympic Stadium where's my share? Des Kelly,Neutral,objective,objective: West Ham Olympic Stadium where's my share? Des Kelly,"[{""text"": ""West Ham Olympic Stadium"", ""type"": ""FAC"", ""start"": 0, ""end"": 24, ""cms"": null}, {""text"": ""Des Kelly"", ""type"": ""PERSON"", ""start"": 43, ""end"": 52, ""cms"": null}]",O
167,24/03/2013,https://www.dailymail.co.uk/sport/article-2298566/Martin-Samuel-West-Ham-moving-Olympic-Stadium-ONLY-option-aside-bulldozer.html,Martin Samuel: West Ham moving to the Olympic Stadium is the ONLY option aside from a bulldozer,Neutral,objective,objective: Martin Samuel: West Ham moving to the Olympic Stadium is the ONLY option aside from a bulldozer,"[{""text"": ""Martin Samuel"", ""type"": ""PERSON"", ""start"": 0, ""end"": 13, ""cms"": null}, {""text"": ""West Ham"", ""type"": ""ORG"", ""start"": 15, ""end"": 23, ""cms"": null}, {""text"": ""the Olympic Stadium"", ""type"": ""FAC"", ""start"": 34, ""end"": 53, ""cms"": null}]",O
105,27/03/2013,https://www.dailymail.co.uk/sport/article-2299657/Olympic-legacy-Dont-whinge-just-enjoy-golden-memories--MARTIN-SAMUEL.html,"Olympic legacy? Don't whinge, just enjoy those golden memories - MARTIN SAMUEL",Positive,"subjective,objective","subjective: Don't whinge, just enjoy those golden memories - MARTIN SAMUEL,objective: Olympic legacy?","[{""text"": ""Olympic"", ""type"": ""EVENT"", ""start"": 0, ""end"": 7, ""cms"": null}, {""text"": ""MARTIN SAMUEL"", ""type"": ""PERSON"", ""start"": 65, ""end"": 78, ""cms"": null}]",O
150,28/03/2013,https://www.dailymail.co.uk/sport/football/article-2299930/MARTIN-SAMUEL--THE-DEBATE-West-Ham-saved-Olympic-Stadium-idiots-built-wonder-Karren-Brady-smiling.html,"MARTIN SAMUEL - THE DEBATE: West Ham saved the Olympic Stadium from the idiots who built it, no wonder Karren Brady is smiling",Negative,subjective,"subjective: MARTIN SAMUEL - THE DEBATE: West Ham saved the Olympic Stadium from the idiots who built it, no wonder Karren Brady is smiling","[{""text"": ""MARTIN SAMUEL"", ""type"": ""PERSON"", ""start"": 0, ""end"": 13, ""cms"": null}, {""text"": ""West Ham"", ""type"": ""ORG"", ""start"": 28, ""end"": 36, ""cms"": null}, {""text"": ""the Olympic Stadium"", ""type"": ""FAC"", ""start"": 43, ""end"": 62, ""cms"": null}, {""text"": ""Karren Brady"", ""type"": ""PERSON"", ""start"": 103, ""end"": 115, ""cms"": null}]",O
198,7/5/2013,https://www.dailymail.co.uk/news/article-2320502/Classical-musicians-UK-tax-breaks-similar-given-foreign-sports-stars.html,Classical musicians call for UK tax breaks similar to those given to foreign sports stars,Neutral,subjective,subjective: Classical musicians call for UK tax breaks similar to those given to foreign sports stars,"[{""text"": ""UK"", ""type"": ""GPE"", ""start"": 29, ""end"": 31, ""cms"": null}]",O
10,20/06/2013,https://www.dailymail.co.uk/sport/othersports/article-2344904/MARTIN-SAMUEL--THE-DEBATE-Olympic-legacy-The-partys-over.html,MARTIN SAMUEL - THE DEBATE: Olympic legacy? The party's over,Negative,"subjective,objective","subjective: MARTIN SAMUEL - THE DEBATE: Olympic legacy?,objective: The party's over","[{""text"": ""MARTIN SAMUEL"", ""type"": ""PERSON"", ""start"": 0, ""end"": 13, ""cms"": null}]",O
13,4/7/2013,https://www.dailymail.co.uk/sport/othersports/article-2356320/JOANNA-ROWSELL-Its-great-Olympic-legacy-going-events-London-Youth-Games.html,JOANNA ROWSELL: It's great to keep the Olympic legacy going at events such as the London Youth Games,Positive,objective,objective: JOANNA ROWSELL: It's great to keep the Olympic legacy going at events such as the London Youth Games,"[{""text"": ""JOANNA ROWSELL"", ""type"": ""PERSON"", ""start"": 0, ""end"": 14, ""cms"": null}, {""text"": ""the London Youth Games"", ""type"": ""EVENT"", ""start"": 78, ""end"": 100, ""cms"": null}]",O
49,18/07/2013,https://www.dailymail.co.uk/news/article-2367691/50-playing-fields-sold-years-Sell-threat-Olympic-legacy.html,50 playing fields sold in three years: Sell-off is a 'threat to our Olympic legacy',Negative,objective,objective: 50 playing fields sold in three years: Sell-off is a 'threat to our Olympic legacy',"[{""text"": ""50"", ""type"": ""CARDINAL"", ""start"": 0, ""end"": 2, ""cms"": null}, {""text"": ""three years"", ""type"": ""DATE"", ""start"": 26, ""end"": 37, ""cms"": null}, {""text"": ""Olympic"", ""type"": ""EVENT"", ""start"": 68, ""end"": 75, ""cms"": null}]",O
8,19/07/2013,https://www.dailymail.co.uk/news/article-2370109/Our-Olympic-legacy--new-shopping-centre-Croydon-South-London-town-benefit-Games-boost-UK-economy-10million.html,Our Olympic legacy... a new shopping centre for Croydon: South London town to benefit as Games 'boost UK economy by £10million',Positive,objective,objective: Our Olympic legacy. a new shopping centre for Croydon: South London town to benefit as Games 'boost UK economy by £10million',"[{""text"": ""Olympic"", ""type"": ""EVENT"", ""start"": 4, ""end"": 11, ""cms"": null}, {""text"": ""Croydon"", ""type"": ""GPE"", ""start"": 48, ""end"": 55, ""cms"": null}, {""text"": ""South London"", ""type"": ""LOC"", ""start"": 57, ""end"": 69, ""cms"": null}, {""text"": ""Games"", ""type"": ""EVENT"", ""start"": 89, ""end"": 94, ""cms"": null}, {""text"": ""UK"", ""type"": ""GPE"", ""start"": 102, ""end"": 104, ""cms"": null}, {""text"": ""10million"", ""type"": ""MONEY"", ""start"": 117, ""end"": 126, ""cms"": null}]",Money
166,20/07/2013,https://www.dailymail.co.uk/sport/othersports/article-2371717/Sebastian-Coe-Drug-cheats-driving-bulldozer-history.html,Sebastian Coe: Drug cheats are driving bulldozer through our history,Negative,objective,objective: Sebastian Coe: Drug cheats are driving bulldozer through our history,"[{""text"": ""Sebastian Coe"", ""type"": ""PERSON"", ""start"": 0, ""end"": 13, ""cms"": null}]",O
68,22/07/2013,https://www.dailymail.co.uk/news/article-2373212/Olympics-bosses-receive-2-8million-golden-goodbyes-despite-knowing-jobs-axed-2012.html,Olympics bosses receive £2.8million in golden goodbyes despite knowing their jobs would be axed after 2012,Negative,subjective,subjective: Olympics bosses receive £2.8million in golden goodbyes despite knowing their jobs would be axed after 2012,"[{""text"": ""Olympics"", ""type"": ""EVENT"", ""start"": 0, ""end"": 8, ""cms"": null}, {""text"": ""\u00a32.8million in golden goodbyes"", ""type"": ""MONEY"", ""start"": 24, ""end"": 54, ""cms"": null}, {""text"": ""2012"", ""type"": ""DATE"", ""start"": 102, ""end"": 106, ""cms"": null}]",Money
199,22/07/2013,https://www.dailymail.co.uk/news/article-2372883/As-win-Ashes-Test-Tour-France-MPs-say-children-avoid-competitive-sports-exercise-life.html,"As we win the Ashes Test and Tour de France, MPs say children should avoid competitive sports because it can put them off exercise for life",Negative,objective,"objective: As we win the Ashes Test and Tour de France, MPs say children should avoid competitive sports because it can put them off exercise for life","[{""text"": ""the Ashes Test"", ""type"": ""EVENT"", ""start"": 10, ""end"": 24, ""cms"": null}, {""text"": ""Tour de France"", ""type"": ""EVENT"", ""start"": 29, ""end"": 43, ""cms"": null}]",O
12,26/07/2013,https://www.dailymail.co.uk/debate/article-2379391/They-proud-But-Im-afraid-Olympic-legacy-bitter-disappointment.html,They made us so proud. But I'm afraid the Olympic legacy is bitter disappointment,Negative,objective,objective: They made us so proud. But I'm afraid the Olympic legacy is bitter disappointment,"[{""text"": ""Olympic"", ""type"": ""EVENT"", ""start"": 42, ""end"": 49, ""cms"": null}]",O
30,28/07/2013,https://www.dailymail.co.uk/sport/othersports/article-2380488/Dont-hit-panic-button-Olympic-legacy--winning--Laura-Williamson.html,Don't hit the panic button over the Olympic legacy... we're still winning - Laura Williamson,Neutral,objective,objective: Don't hit the panic button over the Olympic legacy. we're still winning - Laura Williamson,"[{""text"": ""Olympic"", ""type"": ""EVENT"", ""start"": 36, ""end"": 43, ""cms"": null}, {""text"": ""Laura Williamson"", ""type"": ""PERSON"", ""start"": 76, ""end"": 92, ""cms"": null}]",O
4,30/07/2013,https://www.dailymail.co.uk/travel/article-2380909/A-cool-Olympic-legacy-Giant-indoor-ski-centre-East-London-biggest-UK.html,A cool Olympic legacy: Giant indoor ski centre in East London will be biggest in UK,Positive,objective,objective: A cool Olympic legacy: Giant indoor ski centre in East London will be biggest in UK,"[{""text"": ""Olympic"", ""type"": ""EVENT"", ""start"": 7, ""end"": 14, ""cms"": null}, {""text"": ""East London"", ""type"": ""GPE"", ""start"": 50, ""end"": 61, ""cms"": null}, {""text"": ""UK"", ""type"": ""GPE"", ""start"": 81, ""end"": 83, ""cms"": null}]",O
189,31/07/2013,https://www.dailymail.co.uk/news/article-2381723/Pupils-taught-hours-PE-week-halves-Coalition-government.html,Pupils taught two hours of PE a week 'halves under Coalition government',Negative,objective,objective: Pupils taught two hours of PE a week 'halves under Coalition government',"[{""text"": ""two hours"", ""type"": ""TIME"", ""start"": 14, ""end"": 23, ""cms"": null}, {""text"": ""Coalition"", ""type"": ""ORG"", ""start"": 51, ""end"": 60, ""cms"": null}]",O
11,4/8/2013,https://www.dailymail.co.uk/sport/othersports/article-2384491/London-rides-crest-wave-cycling-major-focus-Olympic-legacy.html,London rides the crest of a wave as cycling becomes major focus of Olympic legacy,Positive,objective,objective: London rides the crest of a wave as cycling becomes major focus of Olympic legacy,"[{""text"": ""London"", ""type"": ""GPE"", ""start"": 0, ""end"": 6, ""cms"": null}, {""text"": ""Olympic"", ""type"": ""EVENT"", ""start"": 67, ""end"": 74, ""cms"": null}]",O
5,25/09/2013,https://www.dailymail.co.uk/sport/othersports/article-2432292/Olympic-legacy-London-velodrome-host-World-Championships-2016.html,Olympic legacy! London velodrome to host World Championships in 2016,Positive,objective,objective: Olympic legacy! London velodrome to host World Championships in 2016,"[{""text"": ""London"", ""type"": ""GPE"", ""start"": 16, ""end"": 22, ""cms"": null}, {""text"": ""World Championships"", ""type"": ""EVENT"", ""start"": 41, ""end"": 60, ""cms"": null}, {""text"": ""2016"", ""type"": ""DATE"", ""start"": 64, ""end"": 68, ""cms"": null}]",O
44,29/10/2013,https://www.dailymail.co.uk/travel/article-2479083/VisitEngland-hopes-Wiggins-effect-help-boost-tourism-reveals-2014-highlights.html,VisitEngland hopes 'Wiggins effect' will help boost tourism as it reveals 2014 highlights,Positive,subjective,subjective: VisitEngland hopes 'Wiggins effect' will help boost tourism as it reveals 2014 highlights,"[{""text"": ""VisitEngland"", ""type"": ""ORG"", ""start"": 0, ""end"": 12, ""cms"": null}, {""text"": ""Wiggins"", ""type"": ""PERSON"", ""start"": 20, ""end"": 27, ""cms"": null}, {""text"": ""2014"", ""type"": ""DATE"", ""start"": 74, ""end"": 78, ""cms"": null}]",O
151,17/11/2013,https://www.dailymail.co.uk/sport/football/article-2508907/CHARLES-SALE-West-Ham-Leyton-Orient-condemned-squabbling-like-children-Olympic-Stadium.html,CHARLES SALE: West Ham and Leyton Orient condemned for 'squabbling like children' over Olympic Stadium,Negative,objective,objective: CHARLES SALE: West Ham and Leyton Orient condemned for 'squabbling like children' over Olympic Stadium,"[{""text"": ""CHARLES SALE"", ""type"": ""PERSON"", ""start"": 0, ""end"": 12, ""cms"": null}, {""text"": ""West Ham"", ""type"": ""ORG"", ""start"": 14, ""end"": 22, ""cms"": null}, {""text"": ""Leyton Orient"", ""type"": ""ORG"", ""start"": 27, ""end"": 40, ""cms"": null}, {""text"": ""Olympic Stadium"", ""type"": ""FAC"", ""start"": 87, ""end"": 102, ""cms"": null}]",O
146,20/11/2013,https://www.dailymail.co.uk/sport/football/article-2510671/Work-Olympic-Stadium-roof-begins-West-Hams-new-home.html,Work on Olympic Stadium roof begins at West Ham's new home,Positive,objective,objective: Work on Olympic Stadium roof begins at West Ham's new home,"[{""text"": ""Olympic Stadium"", ""type"": ""FAC"", ""start"": 8, ""end"": 23, ""cms"": null}, {""text"": ""West Ham's"", ""type"": ""ORG"", ""start"": 39, ""end"": 49, ""cms"": null}]",O
38,26/11/2013,https://www.dailymail.co.uk/news/article-2513872/First-residents-London-2012-Athletes-Village-accommodation-turned-flats.html,First residents move into London 2012 Athletes' Village after accommodation was turned into flats,Positive,objective,objective: First residents move into London 2012 Athletes' Village after accommodation was turned into flats,"[{""text"": ""First"", ""type"": ""ORDINAL"", ""start"": 0, ""end"": 5, ""cms"": null}, {""text"": ""London"", ""type"": ""GPE"", ""start"": 26, ""end"": 32, ""cms"": null}, {""text"": ""Athletes' Village"", ""type"": ""FAC"", ""start"": 38, ""end"": 55, ""cms"": null}]",O
273,18/01/2014,https://www.dailymail.co.uk/news/article-2541676/Failed-asylum-seekers-new-80-000-astroturf-football-pitch-detention-centre-schools-nearby-forced-sell-fields.html,"Failed asylum seekers get new £80,000 astroturf football pitch in detention centre",Negative,objective,"objective: Failed asylum seekers get new £80,000 astroturf football pitch in detention centre","[{""text"": ""80,000"", ""type"": ""MONEY"", ""start"": 31, ""end"": 37, ""cms"": null}]",Money
106,10/2/2014,https://www.dailymail.co.uk/sport/football/article-2555707/West-Ham-sell-Upton-Park-biggest-London-football-stadium-redevelopment.html,West Ham sell Upton Park in biggest London football stadium redevelopment,Positive,objective,objective: West Ham sell Upton Park in biggest London football stadium redevelopment,"[{""text"": ""West Ham"", ""type"": ""ORG"", ""start"": 0, ""end"": 8, ""cms"": null}, {""text"": ""Upton Park"", ""type"": ""FAC"", ""start"": 14, ""end"": 24, ""cms"": null}, {""text"": ""London"", ""type"": ""GPE"", ""start"": 36, ""end"": 42, ""cms"": null}]",O
148,11/2/2014,https://www.dailymail.co.uk/sport/othersports/article-2556977/Swimming-set-appeal-against-funds-withdrawal-womens-Olympic-sports.html,Swimming set to appeal against funds withdrawal from women's Olympic sports,Negative,objective,objective: Swimming set to appeal against funds withdrawal from women's Olympic sports,"[{""text"": ""Olympic"", ""type"": ""EVENT"", ""start"": 61, ""end"": 68, ""cms"": null}]",O
190,28/02/2014,https://www.dailymail.co.uk/sport/othersports/article-2570593/Brownlee-brothers-bikes-support-Yorkshire-Festival-Cycling.html,Brownlee brothers get on their bikes in support of Yorkshire Festival of Cycling...and take a ride through the set of Emmerdale while they're at it!,Positive,objective,objective: Brownlee brothers get on their bikes in support of Yorkshire Festival of Cycling.and take a ride through the set of Emmerdale while they're at it!,"[{""text"": ""Brownlee"", ""type"": ""PERSON"", ""start"": 0, ""end"": 8, ""cms"": null}, {""text"": ""Yorkshire Festival of Cycling"", ""type"": ""EVENT"", ""start"": 51, ""end"": 80, ""cms"": null}, {""text"": ""Emmerdale"", ""type"": ""WORK_OF_ART"", ""start"": 118, ""end"": 127, ""cms"": null}]",O
85,4/4/2014,https://www.dailymail.co.uk/femail/article-2596797/Still-reeling-zip-wire-incident-Boris-Mayor-takes-backseat-Prince-Harry-pay-visit-new-Olympic-Park.html,Prince Harry and Boris Johnson enjoy a playdate at the Olympic Park,Positive,objective,objective: Prince Harry and Boris Johnson enjoy a playdate at the Olympic Park,"[{""text"": ""Prince Harry"", ""type"": ""PERSON"", ""start"": 0, ""end"": 12, ""cms"": null}, {""text"": ""Boris Johnson"", ""type"": ""PERSON"", ""start"": 17, ""end"": 30, ""cms"": null}, {""text"": ""the Olympic Park"", ""type"": ""FAC"", ""start"": 51, ""end"": 67, ""cms"": null}]",O
43,4/4/2014,https://www.dailymail.co.uk/travel/article-2596772/Ever-wanted-use-diving-board-Tom-Daley-Now-Londons-Olympic-Park-officially-opens-public.html,London's Olympic Park officially opens to the public,Positive,objective,objective: London's Olympic Park officially opens to the public,"[{""text"": ""London"", ""type"": ""GPE"", ""start"": 0, ""end"": 6, ""cms"": null}, {""text"": ""Olympic Park"", ""type"": ""FAC"", ""start"": 9, ""end"": 21, ""cms"": null}]",O
259,26/07/2014,https://www.dailymail.co.uk/health/article-2706986/Britains-TOFI-kids-health-time-bomb-Thats-Thin-Outside-Fat-Inside-1m-fit-children-face-hidden-risks.html,Britain's Thin Outside but Fat Inside kids health time-bomb,Negative,subjective,subjective: Britain's Thin Outside but Fat Inside kids health time-bomb,"[{""text"": ""Britain"", ""type"": ""GPE"", ""start"": 0, ""end"": 7, ""cms"": null}]",O
29,6/8/2014,https://www.dailymail.co.uk/sport/olympics/article-2717909/Athens-Olympic-relay-stars-team-ten-years-inspire-generation.html,Athens Olympic relay stars team up again after ten years to inspire next generation,Positive,objective,objective: Athens Olympic relay stars team up again after ten years to inspire next generation,"[{""text"": ""Athens"", ""type"": ""GPE"", ""start"": 0, ""end"": 6, ""cms"": null}, {""text"": ""ten years"", ""type"": ""DATE"", ""start"": 47, ""end"": 56, ""cms"": null}]",O
15,14/01/2015,https://www.dailymail.co.uk/news/article-2910553/Coalition-promises-London-2012-Olympic-Games-inspire-generation-active-coming-short-Pupils-spend-time-sport-PE-classes-did-four-years-ago.html,Sport and PE in schools have slumped since 2012 London Olympics,Negative,objective,objective: Sport and PE in schools have slumped since 2012 London Olympics,"[{""text"": ""2012"", ""type"": ""DATE"", ""start"": 43, ""end"": 47, ""cms"": null}, {""text"": ""London Olympics"", ""type"": ""EVENT"", ""start"": 48, ""end"": 63, ""cms"": null}]",O
22,29/01/2015,https://www.dailymail.co.uk/sport/othersports/article-2931144/Olympic-legacy-loses-steam-Sport-England-reveal-245-000-people-swimming.html,"Olympic legacy loses steam as Sport England reveal 245,000 people give up swimming",Negative,objective,"objective: Olympic legacy loses steam as Sport England reveal 245,000 people give up swimming","[{""text"": ""Olympic"", ""type"": ""EVENT"", ""start"": 0, ""end"": 7, ""cms"": null}, {""text"": ""Sport England"", ""type"": ""ORG"", ""start"": 30, ""end"": 43, ""cms"": null}, {""text"": ""245,000"", ""type"": ""CARDINAL"", ""start"": 51, ""end"": 58, ""cms"": null}]",O
24,11/6/2015,https://www.dailymail.co.uk/sport/olympics/article-3120604/Olympic-legacy-risk-222-000-Brits-turn-backs-sport-six-months.html,"Olympic legacy at risk after 222,000 Brits turn their backs on sport in last six months",Negative,objective,"objective: Olympic legacy at risk after 222,000 Brits turn their backs on sport in last six months","[{""text"": ""Olympic"", ""type"": ""EVENT"", ""start"": 0, ""end"": 7, ""cms"": null}, {""text"": ""222,000"", ""type"": ""CARDINAL"", ""start"": 29, ""end"": 36, ""cms"": null}, {""text"": ""Brits"", ""type"": ""NORP"", ""start"": 37, ""end"": 42, ""cms"": null}, {""text"": ""last six months"", ""type"": ""DATE"", ""start"": 72, ""end"": 87, ""cms"": null}]",O
69,18/06/2015,https://www.dailymail.co.uk/sport/sportsnews/article-3130364/Nation-hope-pray-Mo-Farah-s-error-absent-minded.html,Nation must hope and pray that Mo Farah's only error is being absent-minded,Negative,subjective,subjective: Nation must hope and pray that Mo Farah's only error is being absent-minded,"[{""text"": ""Mo Farah's"", ""type"": ""PERSON"", ""start"": 31, ""end"": 41, ""cms"": null}]",O
31,19/06/2015,https://www.dailymail.co.uk/sport/football/article-3131371/Olympic-Stadium-costs-rise-whopping-35m-West-Ham-prepare-club-pay-15m-272m-total.html,Olympic Stadium costs rise by whopping £35m as West Ham prepare to move in... but club will only pay £15m of £272m total,Negative,subjective,subjective: Olympic Stadium costs rise by whopping £35m as West Ham prepare to move in. but club will only pay £15m of £272m total,"[{""text"": ""Olympic Stadium"", ""type"": ""FAC"", ""start"": 0, ""end"": 15, ""cms"": null}, {""text"": ""35m"", ""type"": ""MONEY"", ""start"": 40, ""end"": 43, ""cms"": null}, {""text"": ""West Ham"", ""type"": ""ORG"", ""start"": 47, ""end"": 55, ""cms"": null}, {""text"": ""15"", ""type"": ""MONEY"", ""start"": 102, ""end"": 104, ""cms"": null}, {""text"": ""m"", ""type"": ""MONEY"", ""start"": 104, ""end"": 105, ""cms"": null}, {""text"": ""272"", ""type"": ""MONEY"", ""start"": 110, ""end"": 113, ""cms"": null}, {""text"": ""m"", ""type"": ""MONEY"", ""start"": 113, ""end"": 114, ""cms"": null}]",Money
14,6/7/2015,https://www.dailymail.co.uk/news/article-3150711/Wicked-negligent-politicians-failed-use-London-2012-legacy-inspire-generation-children-sport-says-ex-Olympics-minister-Tessa-Jowell.html,Tessa Jowell says London Olympics 2012 legacy has been 'squandered',Negative,objective,objective: Tessa Jowell says London Olympics 2012 legacy has been 'squandered',"[{""text"": ""Tessa Jowell"", ""type"": ""PERSON"", ""start"": 0, ""end"": 12, ""cms"": null}, {""text"": ""London Olympics 2012"", ""type"": ""EVENT"", ""start"": 18, ""end"": 38, ""cms"": null}]",O
34,10/7/2015,https://www.dailymail.co.uk/sport/othersports/article-3155925/Usain-Bolt-return-Olympic-stadium-won-three-gold-medals-agreeing-compete-Anniversary-Games.html,"Usain Bolt will return to Olympic Stadium where he won three gold medals, at Anniversary Games",Positive,objective,"objective: Usain Bolt will return to Olympic Stadium where he won three gold medals, at Anniversary Games","[{""text"": ""Usain Bolt"", ""type"": ""PERSON"", ""start"": 0, ""end"": 10, ""cms"": null}, {""text"": ""Olympic Stadium"", ""type"": ""FAC"", ""start"": 26, ""end"": 41, ""cms"": null}, {""text"": ""three"", ""type"": ""CARDINAL"", ""start"": 55, ""end"": 60, ""cms"": null}, {""text"": ""Anniversary Games"", ""type"": ""EVENT"", ""start"": 77, ""end"": 94, ""cms"": null}]",O
95,14/08/2015,https://www.dailymail.co.uk/news/article-3198832/What-stench-s-icon-national-pride-earth-two-porn-barons-protegee-Baroness-Brady-allowed-Olympic-Stadium-deal-entirely-financed-taxpayer.html,Karren Brady took over Olympic Stadium in a deal financed by the taxpayer,Neutral,objective,objective: Karren Brady took over Olympic Stadium in a deal financed by the taxpayer,"[{""text"": ""Karren Brady"", ""type"": ""PERSON"", ""start"": 0, ""end"": 12, ""cms"": null}, {""text"": ""Olympic Stadium"", ""type"": ""FAC"", ""start"": 23, ""end"": 38, ""cms"": null}]",O
132,23/08/2015,https://www.dailymail.co.uk/sport/football/article-3208194/Karren-Brady-hits-Olympic-Stadium-critics-says-West-Ham-took-house-wanted.html,Karren Brady hits back at Olympic Stadium critics and says West Ham took over the house nobody wanted,Negative,objective,objective: Karren Brady hits back at Olympic Stadium critics and says West Ham took over the house nobody wanted,"[{""text"": ""Karren Brady"", ""type"": ""PERSON"", ""start"": 0, ""end"": 12, ""cms"": null}, {""text"": ""Olympic Stadium"", ""type"": ""FAC"", ""start"": 26, ""end"": 41, ""cms"": null}, {""text"": ""West Ham"", ""type"": ""ORG"", ""start"": 59, ""end"": 67, ""cms"": null}]",O
88,27/08/2015,https://www.dailymail.co.uk/sport/football/article-3211751/West-Ham-s-Olympic-Stadium-means-home-heroes-doesn-t-sit-doing-50-weeks.html,"West Ham's Olympic Stadium move means we still have a home for heroes, but it doesn't sit there doing nothing for 50 weeks",Positive,subjective,"subjective: West Ham's Olympic Stadium move means we still have a home for heroes, but it doesn't sit there doing nothing for 50 weeks","[{""text"": ""West Ham's"", ""type"": ""ORG"", ""start"": 0, ""end"": 10, ""cms"": null}, {""text"": ""Olympic Stadium"", ""type"": ""FAC"", ""start"": 11, ""end"": 26, ""cms"": null}, {""text"": ""50 weeks"", ""type"": ""DATE"", ""start"": 114, ""end"": 122, ""cms"": null}]",O
3,17/10/2015,https://www.dailymail.co.uk/news/article-3276644/So-Olympic-legacy-400-000-fewer-doing-sports-London-s-2012-Games.html,400k fewer are doing sports after London's 2012 Olympic Games,Negative,objective,objective: 400k fewer are doing sports after London's 2012 Olympic Games,"[{""text"": ""400k fewer"", ""type"": ""CARDINAL"", ""start"": 0, ""end"": 10, ""cms"": null}, {""text"": ""London"", ""type"": ""GPE"", ""start"": 34, ""end"": 40, ""cms"": null}, {""text"": ""2012"", ""type"": ""DATE"", ""start"": 43, ""end"": 47, ""cms"": null}, {""text"": ""Olympic Games"", ""type"": ""EVENT"", ""start"": 48, ""end"": 61, ""cms"": null}]",O
25,6/11/2015,https://www.dailymail.co.uk/sport/rugbyleague/article-3307091/Tom-Burgess-aiming-London-rugby-league-legacy-New-Zealand-clash.html,Tom Burgess aiming for London rugby league 'legacy' after New Zealand clash,Negative,objective,objective: Tom Burgess aiming for London rugby league 'legacy' after New Zealand clash,"[{""text"": ""Tom Burgess"", ""type"": ""PERSON"", ""start"": 0, ""end"": 11, ""cms"": null}, {""text"": ""London"", ""type"": ""GPE"", ""start"": 23, ""end"": 29, ""cms"": null}, {""text"": ""New Zealand"", ""type"": ""GPE"", ""start"": 58, ""end"": 69, ""cms"": null}]",O
2,28/07/2016,https://www.dailymail.co.uk/news/article-3712574/Culture-bigwigs-slam-1-3billion-Olympic-legacy-building-project-bunch-giant-warehouses-bleak-area-East-London.html,Olympic legacy building project in London slammed by architects over 'boring' buildings,Negative,subjective,subjective: Olympic legacy building project in London slammed by architects over 'boring' buildings,"[{""text"": ""Olympic"", ""type"": ""EVENT"", ""start"": 0, ""end"": 7, ""cms"": null}, {""text"": ""London"", ""type"": ""GPE"", ""start"": 35, ""end"": 41, ""cms"": null}]",O
1,5/8/2016,https://www.dailymail.co.uk/property/article-3725436/The-property-legacy-London-2012-Four-years-s-like-live-Olympic-village.html,"The property legacy of London 2012: Four years on, what’s it like to live in the Olympic village?",Neutral,objective,"objective: The property legacy of London 2012: Four years on, what’s it like to live in the Olympic village?","[{""text"": ""London 2012"", ""type"": ""EVENT"", ""start"": 23, ""end"": 34, ""cms"": null}, {""text"": ""Four years on"", ""type"": ""DATE"", ""start"": 36, ""end"": 49, ""cms"": null}]",O
33,22/11/2017,https://www.dailymail.co.uk/sport/football/article-5109437/London-Assembly-demands-West-Ham-s-landlord-s-accounts.html,London Assembly demands West Ham's landlord's accounts,Neutral,objective,objective: London Assembly demands West Ham's landlord's accounts,"[{""text"": ""London Assembly"", ""type"": ""ORG"", ""start"": 0, ""end"": 15, ""cms"": null}, {""text"": ""West Ham's"", ""type"": ""GPE"", ""start"": 24, ""end"": 34, ""cms"": null}]",O
37,1/12/2017,https://www.dailymail.co.uk/sport/football/article-5136191/Sadiq-Khan-control-West-Hams-London-Stadium.html,Sadiq Khan to take control of West Ham's London Stadium,Neutral,objective,objective: Sadiq Khan to take control of West Ham's London Stadium,"[{""text"": ""Sadiq Khan"", ""type"": ""PERSON"", ""start"": 0, ""end"": 10, ""cms"": null}, {""text"": ""West Ham's"", ""type"": ""FAC"", ""start"": 30, ""end"": 40, ""cms"": null}, {""text"": ""London Stadium"", ""type"": ""FAC"", ""start"": 41, ""end"": 55, ""cms"": null}]",O
109,22/03/2018,https://www.dailymail.co.uk/sport/article-5533675/No-Hitler-analogies-Boris-Johnson-flew-flag-Beijing.html,No Hitler analogies when Boris Johnson flew the flag for Beijing,Negative,subjective,subjective: No Hitler analogies when Boris Johnson flew the flag for Beijing,"[{""text"": ""Hitler"", ""type"": ""PERSON"", ""start"": 3, ""end"": 9, ""cms"": null}, {""text"": ""Boris Johnson"", ""type"": ""PERSON"", ""start"": 25, ""end"": 38, ""cms"": null}, {""text"": ""Beijing"", ""type"": ""GPE"", ""start"": 57, ""end"": 64, ""cms"": null}]",O
18,4/8/2019,https://www.dailymail.co.uk/news/article-7319723/Thousands-cyclists-ride-London-Surrey-again.html,"More than 30,000 cyclists ride from London to Surrey and back again",Neutral,objective,"objective: More than 30,000 cyclists ride from London to Surrey and back again","[{""text"": ""More than 30,000"", ""type"": ""CARDINAL"", ""start"": 0, ""end"": 16, ""cms"": null}, {""text"": ""London"", ""type"": ""GPE"", ""start"": 36, ""end"": 42, ""cms"": null}, {""text"": ""Surrey"", ""type"": ""GPE"", ""start"": 46, ""end"": 52, ""cms"": null}]",O
